/* 유저 정보*/
insert into USER (userId, password, email, nickname, createdDate, modifiedDate) values ('amapson0', '{noop}1111', 'ahamlet0@etsy.com', 'Albie', '2022-11-02', '2022-09-08');
insert into USER (userId, password, email, nickname, createdDate, modifiedDate) values ('gjobern1', '{noop}1111', 'gbruhn1@google.com', 'Golda', '2022-11-09', '2023-01-17');
insert into USER (userId, password, email, nickname, createdDate, modifiedDate) values ('avenditti2', '{noop}1111', 'ajuhruke2@google.es', 'Adore', '2022-09-12', '2022-09-18');
insert into USER (userId, password, email, nickname, createdDate, modifiedDate) values ('ipayn3', '{noop}1234', 'ikeese3@pcworld.com', 'Ines', '2022-12-16', '2022-05-14');
insert into USER (userId, password, email, nickname, createdDate, modifiedDate) values ('fspadotto4', '{noop}1234', 'fdoughtery4@bing.com', 'Florry', '2022-12-06', '2022-12-16');
insert into USER (userId, password, email, nickname, createdDate, modifiedDate) values ('omosconi5', '{noop}1111', 'ogritland5@telegraph.co.uk', 'Oliy', '2022-10-18', '2022-04-27');
insert into USER (userId, password, email, nickname, createdDate, modifiedDate) values ('igantley6', '{noop}1234', 'ihudghton6@boston.com', 'Isobel', '2022-11-22', '2022-09-18');
insert into USER (userId, password, email, nickname, createdDate, modifiedDate) values ('tknellen7', '{noop}1234', 'tsimonel7@goo.ne.jp', 'Ted', '2022-11-17', '2022-04-01');
insert into USER (userId, password, email, nickname, createdDate, modifiedDate) values ('epeltzer8', '{noop}1111', 'esimeonov8@issuu.com', 'Ebonee', '2022-11-15', '2022-08-26');
insert into USER (userId, password, email, nickname, createdDate, modifiedDate) values ('mpauletto9', '{noop}1111', 'moxbrow9@ucoz.ru', 'Margarethe', '2022-08-23', '2022-03-29');

/* 채널 정보 */

insert into CHANNEL (channelName, description, slug, createdDate, modifiedDate) values ('추천', 'Integer ac neque. Duis bibendum.', 'best', '2022-09-06', '2023-01-07');
insert into CHANNEL (channelName, description, slug, createdDate, modifiedDate) values ('자바', 'Vestibulum ante ipsum primis in faucibus orci luctus et ultrices posuere cubilia Curae; Donec pharetra, magna vestibulum aliquet ultrices, erat tortor sollicitudin mi, sit amet lobortis sapien sapien non mi. Integer ac neque.', 'java', '2022-11-29', '2022-01-28');
insert into CHANNEL (channelName, description, slug, createdDate, modifiedDate) values ('JS', 'Nullam molestie nibh in lectus. Pellentesque at nulla.', 'js', '2022-10-14', '2022-01-31');
insert into CHANNEL (channelName, description, slug, createdDate, modifiedDate) values ('리액트', 'Aliquam quis turpis eget elit sodales scelerisque. Mauris sit amet eros.', 'react', '2022-05-20', '2023-01-20');
insert into CHANNEL (channelName, description, slug, createdDate, modifiedDate) values ('컴공', 'Nullam sit amet turpis elementum ligula vehicula consequat. Morbi a ipsum.', 'ce', '2022-11-22', '2022-11-29');

/* 카테고리 정보*/
--
-- insert into CATEGORY (slug, categoryName) values ('best', '공지');
-- insert into CATEGORY (slug, categoryName) values ('java', '공지');
-- insert into CATEGORY (slug, categoryName) values ('js', '강의');
-- insert into CATEGORY (slug, categoryName) values ('react', '강의');
-- insert into CATEGORY (slug, categoryName) values ('ce', '질문');
-- insert into CATEGORY (slug, categoryName) values ('best', '추천');
-- insert into CATEGORY (slug, categoryName) values ('java', '추천');
-- insert into CATEGORY (slug, categoryName) values ('js', '질문');
-- insert into CATEGORY (slug, categoryName) values ('react', '건의');
-- insert into CATEGORY (slug, categoryName) values ('ce', '질문');
-- insert into CATEGORY (slug, categoryName) values ('best', '질문');
-- insert into CATEGORY (slug, categoryName) values ('java', '건의');
-- insert into CATEGORY (slug, categoryName) values ('js', '강의');
-- insert into CATEGORY (slug, categoryName) values ('react', '추천');
-- insert into CATEGORY (slug, categoryName) values ('ce', '공지');
-- insert into CATEGORY (slug, categoryName) values ('best', '강의');
-- insert into CATEGORY (slug, categoryName) values ('java', '추천');
-- insert into CATEGORY (slug, categoryName) values ('js', '강의');
-- insert into CATEGORY (slug, categoryName) values ('react', '질문');
-- insert into CATEGORY (slug, categoryName) values ('ce', '건의');
-- insert into CATEGORY (slug, categoryName) values ('best', '질문');
-- insert into CATEGORY (slug, categoryName) values ('java', '건의');
-- insert into CATEGORY (slug, categoryName) values ('js', '건의');
-- insert into CATEGORY (slug, categoryName) values ('react', '추천');
-- insert into CATEGORY (slug, categoryName) values ('ce', '공지');

/* 매니저 정보*/
insert into CHANNELMANAGER (managerLevel, slug, userId) values ('관리자', 'js', 'amapson0');
insert into CHANNELMANAGER (managerLevel, slug, userId) values ('부관리자', 'react', 'avenditti2');
insert into CHANNELMANAGER (managerLevel, slug, userId) values ('관리자', 'best', 'epeltzer8');
insert into CHANNELMANAGER (managerLevel, slug, userId) values ('부관리자', 'java', 'fspadotto4');
insert into CHANNELMANAGER (managerLevel, slug, userId) values ('관리자', 'ce', 'gjobern1');
insert into CHANNELMANAGER (managerLevel, slug, userId) values ('부관리자', 'js', 'igantley6');
insert into CHANNELMANAGER (managerLevel, slug, userId) values ('관리자', 'react', 'ipayn3');
insert into CHANNELMANAGER (managerLevel, slug, userId) values ('부관리자', 'best', 'mpauletto9');
insert into CHANNELMANAGER (managerLevel, slug, userId) values ('관리자', 'java', 'omosconi5');
insert into CHANNELMANAGER (managerLevel, slug, userId) values ('부관리자', 'ce', 'tknellen7');

/* 구독 정보 */
insert into SUBSCRIBE (slug, userId) values ('best', 'amapson0');
insert into SUBSCRIBE (slug, userId) values ( 'js', 'avenditti2');
insert into SUBSCRIBE (slug, userId) values ( 'ce', 'epeltzer8');
insert into SUBSCRIBE (slug, userId) values ( 'react', 'fspadotto4');
insert into SUBSCRIBE (slug, userId) values ('java', 'gjobern1');
insert into SUBSCRIBE (slug, userId) values ( 'react', 'igantley6');
insert into SUBSCRIBE (slug, userId) values ( 'ce', 'ipayn3');
insert into SUBSCRIBE (slug, userId) values ('js', 'mpauletto9');
insert into SUBSCRIBE (slug, userId) values ( 'best', 'omosconi5');
insert into SUBSCRIBE (slug, userId) values ( 'best', 'tknellen7');
insert into SUBSCRIBE (slug, userId) values ( 'ce', 'amapson0');
insert into SUBSCRIBE (slug, userId) values ('java', 'avenditti2');
insert into SUBSCRIBE (slug, userId) values ('java', 'epeltzer8');
insert into SUBSCRIBE (slug, userId) values ( 'ce', 'fspadotto4');
insert into SUBSCRIBE (slug, userId) values ( 'best', 'gjobern1');
insert into SUBSCRIBE (slug, userId) values ( 'js', 'ipayn3');
insert into SUBSCRIBE (slug, userId) values ('best', 'mpauletto9');
insert into SUBSCRIBE (slug, userId) values ( 'java', 'omosconi5');
insert into SUBSCRIBE (slug, userId) values ( 'react', 'tknellen7');
insert into SUBSCRIBE (slug, userId) values ( 'react', 'avenditti2');
insert into SUBSCRIBE (slug, userId) values ( 'best', 'epeltzer8');
insert into SUBSCRIBE (slug, userId) values ( 'js', 'fspadotto4');
insert into SUBSCRIBE (slug, userId) values ('ce', 'gjobern1');
insert into SUBSCRIBE (slug, userId) values ('java', 'igantley6');
insert into SUBSCRIBE (slug, userId) values ( 'java', 'ipayn3');
insert into SUBSCRIBE (slug, userId) values ( 'ce', 'tknellen7');

/* 게시글 정보*/
insert into POST (createdDate, modifiedDate, content, title, /*category_id,*/ slug, userId) values ('2022-05-30', '2022-12-20', 'Nam congue, risus semper porta volutpat, quam pede lobortis ligula, sit amet eleifend pede libero quis orci. Nullam molestie nibh in lectus. Pellentesque at nulla.', 'Quisque id justo sit amet sapien dignissim vestibulum.', /*1,*/ 'best', 'igantley6');
insert into POST (createdDate, modifiedDate, content, title, /*category_id,*/ slug, userId) values ('2022-05-04', '2022-07-01', 'Sed accumsan felis.', 'Cras mi pede, malesuada in, imperdiet et, commodo vulputate, justo.', /*2,*/ 'java', 'igantley6');
insert into POST (createdDate, modifiedDate, content, title, /*category_id,*/ slug, userId) values ('2022-06-25', '2022-07-15', 'Integer ac neque. Duis bibendum. Morbi non quam nec dui luctus rutrum.', 'Duis at velit eu est congue elementum.', /*3,*/ 'js', 'igantley6');
insert into POST (createdDate, modifiedDate, content, title, /*category_id,*/ slug, userId) values ('2022-05-05', '2022-08-11', 'Praesent blandit lacinia erat. Vestibulum sed magna at nunc commodo placerat. Praesent blandit.', 'Maecenas ut massa quis augue luctus tincidunt.', /*4,*/ 'react', 'igantley6');
insert into POST (createdDate, modifiedDate, content, title, /*category_id,*/ slug, userId) values ('2022-06-04', '2022-12-06', 'In blandit ultrices enim.', 'Etiam pretium iaculis justo.', /*5,*/ 'ce', 'omosconi5');
insert into POST (createdDate, modifiedDate, content, title, /*category_id,*/ slug, userId) values ('2022-05-29', '2022-12-08', 'Proin at turpis a pede posuere nonummy. Integer non velit. Donec diam neque, vestibulum eget, vulputate ut, ultrices vel, augue.', 'Suspendisse ornare consequat lectus.', /*6,*/ 'best', 'igantley6');
insert into POST (createdDate, modifiedDate, content, title, /*category_id,*/ slug, userId) values ('2022-08-02', '2022-04-19', 'In sagittis dui vel nisl.', 'Donec quis orci eget orci vehicula condimentum.', /*null,*/ 'java', 'igantley6');
insert into POST (createdDate, modifiedDate, content, title, /*category_id,*/ slug, userId) values ('2022-11-19', '2022-04-23', 'Duis bibendum, felis sed interdum venenatis, turpis enim blandit mi, in porttitor pede justo eu massa. Donec dapibus.', 'Pellentesque at nulla.', /*8,*/ 'js', 'omosconi5');
insert into POST (createdDate, modifiedDate, content, title, /*category_id,*/ slug, userId) values ('2023-01-13', '2022-04-30', 'Nullam molestie nibh in lectus. Pellentesque at nulla. Suspendisse potenti.', 'Proin at turpis a pede posuere nonummy.', /*9,*/ 'react', 'gjobern1');
insert into POST (createdDate, modifiedDate, content, title, /*category_id,*/ slug, userId) values ('2022-12-14', '2022-05-26', 'Proin interdum mauris non ligula pellentesque ultrices.', 'Proin at turpis a pede posuere nonummy.', /*null,*/ 'ce', 'fspadotto4');
insert into POST (createdDate, modifiedDate, content, title, /*category_id,*/ slug, userId) values ('2022-11-11', '2022-02-04', 'Vestibulum ante ipsum primis in faucibus orci luctus et ultrices posuere cubilia Curae; Nulla dapibus dolor vel est. Donec odio justo, sollicitudin ut, suscipit a, feugiat et, eros.', 'Morbi sem mauris, laoreet ut, rhoncus aliquet, pulvinar sed, nisl.', /*11,*/ 'best', 'ipayn3');
insert into POST (createdDate, modifiedDate, content, title, /*category_id,*/ slug, userId) values ('2022-04-19', '2022-12-02', 'Donec vitae nisi.', 'Fusce consequat.', /*null,*/ 'java', 'omosconi5');
insert into POST (createdDate, modifiedDate, content, title, /*category_id,*/ slug, userId) values ('2022-08-08', '2022-12-10', 'Cras mi pede, malesuada in, imperdiet et, commodo vulputate, justo. In blandit ultrices enim.', 'Nulla ac enim.', /*null,*/ 'js', 'omosconi5');
insert into POST (createdDate, modifiedDate, content, title, /*category_id,*/ slug, userId) values ('2023-01-13', '2022-12-24', 'Vestibulum ante ipsum primis in faucibus orci luctus et ultrices posuere cubilia Curae; Nulla dapibus dolor vel est. Donec odio justo, sollicitudin ut, suscipit a, feugiat et, eros.', 'Nulla suscipit ligula in lacus.', /*14,*/ 'react', 'ipayn3');
insert into POST (createdDate, modifiedDate, content, title, /*category_id,*/ slug, userId) values ('2022-02-24', '2022-10-15', 'Aliquam non mauris. Morbi non lectus. Aliquam sit amet diam in magna bibendum imperdiet.', 'Mauris lacinia sapien quis libero.', /*15,*/ 'ce', 'omosconi5');
insert into POST (createdDate, modifiedDate, content, title, /*category_id,*/ slug, userId) values ('2023-01-01', '2022-06-06', 'Cras in purus eu magna vulputate luctus. Cum sociis natoque penatibus et magnis dis parturient montes, nascetur ridiculus mus.', 'Nulla nisl.', /*16,*/ 'best', 'gjobern1');
insert into POST (createdDate, modifiedDate, content, title, /*category_id,*/ slug, userId) values ('2022-10-19', '2022-12-02', 'Vestibulum ante ipsum primis in faucibus orci luctus et ultrices posuere cubilia Curae; Duis faucibus accumsan odio.', 'Nulla nisl.', /*17,*/ 'java', 'igantley6');
insert into POST (createdDate, modifiedDate, content, title, /*category_id,*/ slug, userId) values ('2022-12-14', '2022-07-17', 'Curabitur at ipsum ac tellus semper interdum. Mauris ullamcorper purus sit amet nulla.', 'Etiam faucibus cursus urna.', /*18,*/ 'js', 'tknellen7');
insert into POST (createdDate, modifiedDate, content, title, /*category_id,*/ slug, userId) values ('2022-08-18', '2022-07-24', 'In tempor, turpis nec euismod scelerisque, quam turpis adipiscing lorem, vitae mattis nibh ligula nec sem. Duis aliquam convallis nunc.', 'Phasellus in felis.', /*19,*/ 'react', 'ipayn3');
insert into POST (createdDate, modifiedDate, content, title, /*category_id,*/ slug, userId) values ('2022-11-10', '2022-01-22', 'Suspendisse ornare consequat lectus. In est risus, auctor sed, tristique in, tempus sit amet, sem. Fusce consequat.', 'Nullam molestie nibh in lectus.', /*20,*/ 'ce', 'epeltzer8');
insert into POST (createdDate, modifiedDate, content, title, /*category_id,*/ slug, userId) values ('2022-07-10', '2022-09-12', 'Nullam molestie nibh in lectus. Pellentesque at nulla. Suspendisse potenti.', 'Morbi a ipsum.', /*null,*/ 'best', 'gjobern1');
insert into POST (createdDate, modifiedDate, content, title, /*category_id,*/ slug, userId) values ('2022-06-08', '2022-05-25', 'Morbi odio odio, elementum eu, interdum eu, tincidunt in, leo. Maecenas pulvinar lobortis est.', 'Aliquam augue quam, sollicitudin vitae, consectetuer eget, rutrum at, lorem.', /*22,*/ 'java', 'igantley6');
insert into POST (createdDate, modifiedDate, content, title, /*category_id,*/ slug, userId) values ('2022-12-05', '2022-06-09', 'Donec dapibus.', 'Proin at turpis a pede posuere nonummy.', /*null,*/ 'js', 'fspadotto4');
insert into POST (createdDate, modifiedDate, content, title, /*category_id,*/ slug, userId) values ('2022-11-22', '2022-06-17', 'Suspendisse potenti.', 'Ut at dolor quis odio consequat varius.', /*null,*/ 'react', 'ipayn3');
insert into POST (createdDate, modifiedDate, content, title, /*category_id,*/ slug, userId) values ('2022-10-28', '2022-04-08', 'Curabitur convallis.', 'Duis at velit eu est congue elementum.', /*25,*/ 'ce', 'igantley6');
insert into POST (createdDate, modifiedDate, content, title, /*category_id,*/ slug, userId) values ('2022-02-09', '2022-01-19', 'Ut tellus.', 'Nam nulla.', /*1,*/ 'best', 'epeltzer8');
insert into POST (createdDate, modifiedDate, content, title, /*category_id,*/ slug, userId) values ('2022-03-05', '2022-12-09', 'Vestibulum ante ipsum primis in faucibus orci luctus et ultrices posuere cubilia Curae; Duis faucibus accumsan odio.', 'Nullam orci pede, venenatis non, sodales sed, tincidunt eu, felis.', /*2,*/ 'java', 'igantley6');
insert into POST (createdDate, modifiedDate, content, title, /*category_id,*/ slug, userId) values ('2022-04-01', '2022-03-29', 'Vestibulum ac est lacinia nisi venenatis tristique.', 'Cras in purus eu magna vulputate luctus.', /*3,*/ 'js', 'avenditti2');
insert into POST (createdDate, modifiedDate, content, title, /*category_id,*/ slug, userId) values ('2022-04-28', '2022-03-03', 'Etiam vel augue. Vestibulum rutrum rutrum neque. Aenean auctor gravida sem.', 'Morbi quis tortor id nulla ultrices aliquet.', /*4,*/ 'react', 'avenditti2');
insert into POST (createdDate, modifiedDate, content, title, /*category_id,*/ slug, userId) values ('2022-10-21', '2022-03-24', 'Nulla facilisi.', 'Lorem ipsum dolor sit amet, consectetuer adipiscing elit.', /*null,*/ 'ce', 'amapson0');
insert into POST (createdDate, modifiedDate, content, title, /*category_id,*/ slug, userId) values ('2022-09-08', '2022-02-25', 'Morbi ut odio.', 'Nulla neque libero, convallis eget, eleifend luctus, ultricies eu, nibh.', /*6,*/ 'best', 'amapson0');
insert into POST (createdDate, modifiedDate, content, title, /*category_id,*/ slug, userId) values ('2022-01-02', '2022-11-01', 'Ut tellus. Nulla ut erat id mauris vulputate elementum.', 'Nulla ac enim.', /*7,*/ 'java', 'gjobern1');
insert into POST (createdDate, modifiedDate, content, title, /*category_id,*/ slug, userId) values ('2022-06-18', '2022-05-22', 'Etiam justo.', 'Maecenas ut massa quis augue luctus tincidunt.', /*8,*/ 'js', 'mpauletto9');
insert into POST (createdDate, modifiedDate, content, title, /*category_id,*/ slug, userId) values ('2022-12-11', '2022-05-23', 'Praesent id massa id nisl venenatis lacinia. Aenean sit amet justo.', 'Donec semper sapien a libero.', /*9,*/ 'react', 'fspadotto4');
insert into POST (createdDate, modifiedDate, content, title, /*category_id,*/ slug, userId) values ('2023-01-08', '2022-06-16', 'Integer ac leo. Pellentesque ultrices mattis odio. Donec vitae nisi.', 'Vestibulum ac est lacinia nisi venenatis tristique.', /*10,*/ 'ce', 'amapson0');
insert into POST (createdDate, modifiedDate, content, title, /*category_id,*/ slug, userId) values ('2022-01-03', '2022-08-16', 'Etiam pretium iaculis justo. In hac habitasse platea dictumst. Etiam faucibus cursus urna.', 'Pellentesque viverra pede ac diam.', /*null,*/ 'best', 'omosconi5');
insert into POST (createdDate, modifiedDate, content, title, /*category_id,*/ slug, userId) values ('2022-02-12', '2023-01-23', 'Sed sagittis. Nam congue, risus semper porta volutpat, quam pede lobortis ligula, sit amet eleifend pede libero quis orci. Nullam molestie nibh in lectus.', 'Nullam porttitor lacus at turpis.', /*12,*/ 'java', 'igantley6');
insert into POST (createdDate, modifiedDate, content, title, /*category_id,*/ slug, userId) values ('2022-08-23', '2022-05-05', 'Vestibulum ante ipsum primis in faucibus orci luctus et ultrices posuere cubilia Curae; Nulla dapibus dolor vel est. Donec odio justo, sollicitudin ut, suscipit a, feugiat et, eros. Vestibulum ac est lacinia nisi venenatis tristique.', 'Nullam sit amet turpis elementum ligula vehicula consequat.', /*13,*/ 'js', 'avenditti2');
insert into POST (createdDate, modifiedDate, content, title, /*category_id,*/ slug, userId) values ('2022-08-12', '2022-01-26', 'Nulla facilisi. Cras non velit nec nisi vulputate nonummy.', 'Lorem ipsum dolor sit amet, consectetuer adipiscing elit.', /*14,*/ 'react', 'fspadotto4');
insert into POST (createdDate, modifiedDate, content, title, /*category_id,*/ slug, userId) values ('2022-06-07', '2022-01-12', 'In est risus, auctor sed, tristique in, tempus sit amet, sem. Fusce consequat.', 'Suspendisse potenti.', /*15,*/ 'ce', 'fspadotto4');
insert into POST (createdDate, modifiedDate, content, title, /*category_id,*/ slug, userId) values ('2022-06-09', '2022-03-11', 'Etiam pretium iaculis justo. In hac habitasse platea dictumst.', 'Integer tincidunt ante vel ipsum.', /*16,*/ 'best', 'tknellen7');
insert into POST (createdDate, modifiedDate, content, title, /*category_id,*/ slug, userId) values ('2022-11-23', '2022-11-11', 'In tempor, turpis nec euismod scelerisque, quam turpis adipiscing lorem, vitae mattis nibh ligula nec sem. Duis aliquam convallis nunc.', 'Vivamus in felis eu sapien cursus vestibulum.', /*17,*/ 'java', 'tknellen7');
insert into POST (createdDate, modifiedDate, content, title, /*category_id,*/ slug, userId) values ('2022-10-23', '2022-09-13', 'Fusce lacus purus, aliquet at, feugiat non, pretium quis, lectus. Suspendisse potenti. In eleifend quam a odio.', 'In quis justo.', /*18,*/ 'js', 'igantley6');
insert into POST (createdDate, modifiedDate, content, title, /*category_id,*/ slug, userId) values ('2023-01-07', '2022-07-20', 'Donec diam neque, vestibulum eget, vulputate ut, ultrices vel, augue. Vestibulum ante ipsum primis in faucibus orci luctus et ultrices posuere cubilia Curae; Donec pharetra, magna vestibulum aliquet ultrices, erat tortor sollicitudin mi, sit amet lobortis sapien sapien non mi. Integer ac neque.', 'Pellentesque viverra pede ac diam.', /*19,*/ 'react', 'igantley6');
insert into POST (createdDate, modifiedDate, content, title, /*category_id,*/ slug, userId) values ('2022-01-23', '2022-07-08', 'Aliquam non mauris.', 'Vestibulum quam sapien, varius ut, blandit non, interdum in, ante.', /*20,*/ 'ce', 'amapson0');
insert into POST (createdDate, modifiedDate, content, title, /*category_id,*/ slug, userId) values ('2022-04-15', '2022-06-12', 'Lorem ipsum dolor sit amet, consectetuer adipiscing elit.', 'Quisque porta volutpat erat.', /*21,*/ 'best', 'ipayn3');
insert into POST (createdDate, modifiedDate, content, title, /*category_id,*/ slug, userId) values ('2022-09-22', '2022-04-17', 'Nulla tellus.', 'Cras non velit nec nisi vulputate nonummy.', /*22,*/ 'java', 'gjobern1');
insert into POST (createdDate, modifiedDate, content, title, /*category_id,*/ slug, userId) values ('2022-04-08', '2022-08-17', 'Donec quis orci eget orci vehicula condimentum. Curabitur in libero ut massa volutpat convallis. Morbi odio odio, elementum eu, interdum eu, tincidunt in, leo.', 'Nam congue, risus semper porta volutpat, quam pede lobortis ligula, sit amet eleifend pede libero quis orci.', /*null,*/ 'js', 'fspadotto4');
insert into POST (createdDate, modifiedDate, content, title, /*category_id,*/ slug, userId) values ('2022-07-16', '2022-02-28', 'Cum sociis natoque penatibus et magnis dis parturient montes, nascetur ridiculus mus. Vivamus vestibulum sagittis sapien. Cum sociis natoque penatibus et magnis dis parturient montes, nascetur ridiculus mus.', 'Cras pellentesque volutpat dui.', /*24,*/ 'react', 'fspadotto4');
insert into POST (createdDate, modifiedDate, content, title, /*category_id,*/ slug, userId) values ('2022-12-20', '2022-01-03', 'Cras in purus eu magna vulputate luctus. Cum sociis natoque penatibus et magnis dis parturient montes, nascetur ridiculus mus. Vivamus vestibulum sagittis sapien.', 'Nunc purus.', /*25,*/ 'ce', 'avenditti2');
insert into POST (createdDate, modifiedDate, content, title, /*category_id,*/ slug, userId) values ('2022-05-23', '2022-04-13', 'Donec dapibus. Duis at velit eu est congue elementum. In hac habitasse platea dictumst.', 'Quisque ut erat.', /*1,*/ 'best', 'epeltzer8');
insert into POST (createdDate, modifiedDate, content, title, /*category_id,*/ slug, userId) values ('2022-03-17', '2022-03-27', 'Nulla facilisi.', 'Curabitur convallis.', /*2,*/ 'java', 'omosconi5');
insert into POST (createdDate, modifiedDate, content, title, /*category_id,*/ slug, userId) values ('2022-10-25', '2023-01-09', 'Quisque id justo sit amet sapien dignissim vestibulum.', 'Vestibulum ac est lacinia nisi venenatis tristique.', /*3,*/ 'js', 'tknellen7');
insert into POST (createdDate, modifiedDate, content, title, /*category_id,*/ slug, userId) values ('2022-10-31', '2022-04-22', 'Praesent id massa id nisl venenatis lacinia. Aenean sit amet justo. Morbi ut odio.', 'Cum sociis natoque penatibus et magnis dis parturient montes, nascetur ridiculus mus.', /*null,*/ 'react', 'epeltzer8');
insert into POST (createdDate, modifiedDate, content, title, /*category_id,*/ slug, userId) values ('2022-08-20', '2022-08-16', 'Nunc rhoncus dui vel sem. Sed sagittis.', 'Phasellus id sapien in sapien iaculis congue.', /*5,*/ 'ce', 'ipayn3');
insert into POST (createdDate, modifiedDate, content, title, /*category_id,*/ slug, userId) values ('2022-01-31', '2022-11-12', 'Nulla facilisi. Cras non velit nec nisi vulputate nonummy.', 'Morbi ut odio.', /*6,*/ 'best', 'tknellen7');
insert into POST (createdDate, modifiedDate, content, title, /*category_id,*/ slug, userId) values ('2022-06-01', '2022-12-26', 'Vivamus metus arcu, adipiscing molestie, hendrerit at, vulputate vitae, nisl. Aenean lectus.', 'Vestibulum sed magna at nunc commodo placerat.', /*7,*/ 'java', 'tknellen7');
insert into POST (createdDate, modifiedDate, content, title, /*category_id,*/ slug, userId) values ('2022-08-16', '2022-08-02', 'Maecenas pulvinar lobortis est.', 'Nulla suscipit ligula in lacus.', /*8,*/ 'js', 'gjobern1');
insert into POST (createdDate, modifiedDate, content, title, /*category_id,*/ slug, userId) values ('2022-06-07', '2022-06-05', 'Nullam porttitor lacus at turpis. Donec posuere metus vitae ipsum.', 'Quisque id justo sit amet sapien dignissim vestibulum.', /*9,*/ 'react', 'amapson0');
insert into POST (createdDate, modifiedDate, content, title, /*category_id,*/ slug, userId) values ('2022-03-17', '2022-05-12', 'Cras in purus eu magna vulputate luctus. Cum sociis natoque penatibus et magnis dis parturient montes, nascetur ridiculus mus. Vivamus vestibulum sagittis sapien.', 'Cras non velit nec nisi vulputate nonummy.', /*10,*/ 'ce', 'avenditti2');
insert into POST (createdDate, modifiedDate, content, title, /*category_id,*/ slug, userId) values ('2022-12-15', '2022-11-12', 'Etiam justo. Etiam pretium iaculis justo.', 'Phasellus sit amet erat.', /*null,*/ 'best', 'ipayn3');
insert into POST (createdDate, modifiedDate, content, title, /*category_id,*/ slug, userId) values ('2022-07-17', '2022-06-14', 'Aliquam non mauris.', 'Donec quis orci eget orci vehicula condimentum.', /*null,*/ 'java', 'epeltzer8');
insert into POST (createdDate, modifiedDate, content, title, /*category_id,*/ slug, userId) values ('2022-05-06', '2022-12-25', 'Duis bibendum. Morbi non quam nec dui luctus rutrum. Nulla tellus.', 'Donec quis orci eget orci vehicula condimentum.', /*13,*/ 'js', 'gjobern1');
insert into POST (createdDate, modifiedDate, content, title, /*category_id,*/ slug, userId) values ('2022-02-13', '2022-09-07', 'Donec ut dolor.', 'Vestibulum sed magna at nunc commodo placerat.', /*null,*/ 'react', 'mpauletto9');
insert into POST (createdDate, modifiedDate, content, title, /*category_id,*/ slug, userId) values ('2022-04-20', '2023-01-04', 'Praesent blandit lacinia erat.', 'Ut tellus.', /*15,*/ 'ce', 'omosconi5');
insert into POST (createdDate, modifiedDate, content, title, /*category_id,*/ slug, userId) values ('2022-07-17', '2022-11-13', 'Maecenas leo odio, condimentum id, luctus nec, molestie sed, justo.', 'Suspendisse accumsan tortor quis turpis.', /*16,*/ 'best', 'gjobern1');
insert into POST (createdDate, modifiedDate, content, title, /*category_id,*/ slug, userId) values ('2022-11-20', '2022-09-02', 'Vivamus in felis eu sapien cursus vestibulum.', 'Pellentesque at nulla.', /*17,*/ 'java', 'gjobern1');
insert into POST (createdDate, modifiedDate, content, title, /*category_id,*/ slug, userId) values ('2022-12-14', '2022-12-04', 'Duis bibendum.', 'Mauris sit amet eros.', /*18,*/ 'js', 'tknellen7');
insert into POST (createdDate, modifiedDate, content, title, /*category_id,*/ slug, userId) values ('2022-09-26', '2022-12-29', 'Pellentesque viverra pede ac diam. Cras pellentesque volutpat dui.', 'Sed accumsan felis.', /*19,*/ 'react', 'mpauletto9');
insert into POST (createdDate, modifiedDate, content, title, /*category_id,*/ slug, userId) values ('2022-11-21', '2022-01-19', 'Donec posuere metus vitae ipsum. Aliquam non mauris. Morbi non lectus.', 'Sed sagittis.', /*20,*/ 'ce', 'ipayn3');
insert into POST (createdDate, modifiedDate, content, title, /*category_id,*/ slug, userId) values ('2022-08-04', '2022-09-06', 'Nulla ut erat id mauris vulputate elementum. Nullam varius.', 'Mauris lacinia sapien quis libero.', /*21,*/ 'best', 'igantley6');
insert into POST (createdDate, modifiedDate, content, title, /*category_id,*/ slug, userId) values ('2022-01-25', '2022-11-08', 'Aliquam augue quam, sollicitudin vitae, consectetuer eget, rutrum at, lorem. Integer tincidunt ante vel ipsum. Praesent blandit lacinia erat.', 'Mauris enim leo, rhoncus sed, vestibulum sit amet, cursus id, turpis.', /*22,*/ 'java', 'gjobern1');
insert into POST (createdDate, modifiedDate, content, title, /*category_id,*/ slug, userId) values ('2022-04-11', '2022-06-28', 'Nunc purus. Phasellus in felis.', 'Nam dui.', /*23,*/ 'js', 'igantley6');
insert into POST (createdDate, modifiedDate, content, title, /*category_id,*/ slug, userId) values ('2022-08-19', '2022-06-06', 'Curabitur in libero ut massa volutpat convallis.', 'Duis mattis egestas metus.', /*null,*/ 'react', 'mpauletto9');
insert into POST (createdDate, modifiedDate, content, title, /*category_id,*/ slug, userId) values ('2022-05-10', '2022-03-30', 'Lorem ipsum dolor sit amet, consectetuer adipiscing elit. Proin risus.', 'Aenean auctor gravida sem.', /*25,*/ 'ce', 'amapson0');
insert into POST (createdDate, modifiedDate, content, title, /*category_id,*/ slug, userId) values ('2022-10-13', '2022-01-15', 'Morbi odio odio, elementum eu, interdum eu, tincidunt in, leo. Maecenas pulvinar lobortis est.', 'Morbi ut odio.', /*1,*/ 'best', 'igantley6');
insert into POST (createdDate, modifiedDate, content, title, /*category_id,*/ slug, userId) values ('2022-05-16', '2022-12-18', 'Donec odio justo, sollicitudin ut, suscipit a, feugiat et, eros. Vestibulum ac est lacinia nisi venenatis tristique. Fusce congue, diam id ornare imperdiet, sapien urna pretium nisl, ut volutpat sapien arcu sed augue.', 'Fusce consequat.', /*2,*/ 'java', 'igantley6');
insert into POST (createdDate, modifiedDate, content, title, /*category_id,*/ slug, userId) values ('2022-11-17', '2022-07-06', 'Proin risus. Praesent lectus. Vestibulum quam sapien, varius ut, blandit non, interdum in, ante.', 'Etiam vel augue.', /*null,*/ 'js', 'avenditti2');
insert into POST (createdDate, modifiedDate, content, title, /*category_id,*/ slug, userId) values ('2022-11-03', '2022-08-31', 'Aenean auctor gravida sem. Praesent id massa id nisl venenatis lacinia.', 'Sed ante.', /*4,*/ 'react', 'omosconi5');
insert into POST (createdDate, modifiedDate, content, title, /*category_id,*/ slug, userId) values ('2022-12-21', '2022-08-07', 'Nullam porttitor lacus at turpis. Donec posuere metus vitae ipsum. Aliquam non mauris.', 'Cras mi pede, malesuada in, imperdiet et, commodo vulputate, justo.', /*5,*/ 'ce', 'mpauletto9');
insert into POST (createdDate, modifiedDate, content, title, /*category_id,*/ slug, userId) values ('2022-07-26', '2022-04-06', 'Curabitur gravida nisi at nibh.', 'Donec dapibus.', /*null,*/ 'best', 'fspadotto4');
insert into POST (createdDate, modifiedDate, content, title, /*category_id,*/ slug, userId) values ('2022-04-16', '2022-01-15', 'Cras in purus eu magna vulputate luctus. Cum sociis natoque penatibus et magnis dis parturient montes, nascetur ridiculus mus.', 'Vestibulum ante ipsum primis in faucibus orci luctus et ultrices posuere cubilia Curae; Donec pharetra, magna vestibulum aliquet ultrices, erat tortor sollicitudin mi, sit amet lobortis sapien sapien non mi.', /*7,*/ 'java', 'omosconi5');
insert into POST (createdDate, modifiedDate, content, title, /*category_id,*/ slug, userId) values ('2022-03-22', '2022-10-01', 'In blandit ultrices enim. Lorem ipsum dolor sit amet, consectetuer adipiscing elit.', 'Donec posuere metus vitae ipsum.', /*8,*/ 'js', 'epeltzer8');
insert into POST (createdDate, modifiedDate, content, title, /*category_id,*/ slug, userId) values ('2022-07-20', '2022-12-05', 'Cum sociis natoque penatibus et magnis dis parturient montes, nascetur ridiculus mus. Etiam vel augue.', 'Vestibulum rutrum rutrum neque.', /*9,*/ 'react', 'fspadotto4');
insert into POST (createdDate, modifiedDate, content, title, /*category_id,*/ slug, userId) values ('2022-12-14', '2022-06-21', 'Quisque arcu libero, rutrum ac, lobortis vel, dapibus at, diam.', 'Nulla tellus.', /*10,*/ 'ce', 'omosconi5');
insert into POST (createdDate, modifiedDate, content, title, /*category_id,*/ slug, userId) values ('2022-12-26', '2022-11-27', 'Sed sagittis. Nam congue, risus semper porta volutpat, quam pede lobortis ligula, sit amet eleifend pede libero quis orci. Nullam molestie nibh in lectus.', 'Curabitur convallis.', /*null,*/ 'best', 'omosconi5');
insert into POST (createdDate, modifiedDate, content, title, /*category_id,*/ slug, userId) values ('2022-01-02', '2022-08-16', 'Integer non velit. Donec diam neque, vestibulum eget, vulputate ut, ultrices vel, augue.', 'Quisque erat eros, viverra eget, congue eget, semper rutrum, nulla.', /*12,*/ 'java', 'amapson0');
insert into POST (createdDate, modifiedDate, content, title, /*category_id,*/ slug, userId) values ('2022-01-04', '2022-06-11', 'Pellentesque viverra pede ac diam. Cras pellentesque volutpat dui. Maecenas tristique, est et tempus semper, est quam pharetra magna, ac consequat metus sapien ut nunc.', 'Vivamus metus arcu, adipiscing molestie, hendrerit at, vulputate vitae, nisl.', /*13,*/ 'js', 'tknellen7');
insert into POST (createdDate, modifiedDate, content, title, /*category_id,*/ slug, userId) values ('2022-11-29', '2022-11-08', 'Cum sociis natoque penatibus et magnis dis parturient montes, nascetur ridiculus mus.', 'Nam nulla.', /*14,*/ 'react', 'mpauletto9');
insert into POST (createdDate, modifiedDate, content, title, /*category_id,*/ slug, userId) values ('2022-01-08', '2022-04-01', 'Quisque porta volutpat erat. Quisque erat eros, viverra eget, congue eget, semper rutrum, nulla.', 'Donec quis orci eget orci vehicula condimentum.', /*15,*/ 'ce', 'igantley6');
insert into POST (createdDate, modifiedDate, content, title, /*category_id,*/ slug, userId) values ('2022-10-27', '2022-09-29', 'Pellentesque at nulla. Suspendisse potenti.', 'Morbi vel lectus in quam fringilla rhoncus.', /*16,*/ 'best', 'igantley6');
insert into POST (createdDate, modifiedDate, content, title, /*category_id,*/ slug, userId) values ('2022-10-30', '2022-08-30', 'Cras in purus eu magna vulputate luctus. Cum sociis natoque penatibus et magnis dis parturient montes, nascetur ridiculus mus.', 'Fusce consequat.', /*17,*/ 'java', 'gjobern1');
insert into POST (createdDate, modifiedDate, content, title, /*category_id,*/ slug, userId) values ('2022-04-29', '2022-11-11', 'Morbi sem mauris, laoreet ut, rhoncus aliquet, pulvinar sed, nisl. Nunc rhoncus dui vel sem. Sed sagittis.', 'Vestibulum ante ipsum primis in faucibus orci luctus et ultrices posuere cubilia Curae; Donec pharetra, magna vestibulum aliquet ultrices, erat tortor sollicitudin mi, sit amet lobortis sapien sapien non mi.', /*18,*/ 'js', 'ipayn3');
insert into POST (createdDate, modifiedDate, content, title, /*category_id,*/ slug, userId) values ('2023-01-11', '2022-04-10', 'Nam ultrices, libero non mattis pulvinar, nulla pede ullamcorper augue, a suscipit nulla elit ac nulla.', 'Suspendisse potenti.', /*19,*/ 'react', 'ipayn3');
insert into POST (createdDate, modifiedDate, content, title, /*category_id,*/ slug, userId) values ('2022-08-01', '2022-02-20', 'Lorem ipsum dolor sit amet, consectetuer adipiscing elit. Proin risus. Praesent lectus.', 'Proin at turpis a pede posuere nonummy.', /*null,*/ 'ce', 'fspadotto4');
insert into POST (createdDate, modifiedDate, content, title, /*category_id,*/ slug, userId) values ('2022-02-01', '2022-02-04', 'Aliquam sit amet diam in magna bibendum imperdiet. Nullam orci pede, venenatis non, sodales sed, tincidunt eu, felis.', 'Vestibulum ante ipsum primis in faucibus orci luctus et ultrices posuere cubilia Curae; Duis faucibus accumsan odio.', /*null,*/ 'best', 'fspadotto4');
insert into POST (createdDate, modifiedDate, content, title, /*category_id,*/ slug, userId) values ('2022-02-24', '2022-05-09', 'Phasellus sit amet erat.', 'Proin leo odio, porttitor id, consequat in, consequat ut, nulla.', /*22,*/ 'java', 'epeltzer8');
insert into POST (createdDate, modifiedDate, content, title, /*category_id,*/ slug, userId) values ('2022-10-05', '2022-06-19', 'Sed vel enim sit amet nunc viverra dapibus.', 'Nulla ac enim.', /*23,*/ 'js', 'avenditti2');
insert into POST (createdDate, modifiedDate, content, title, /*category_id,*/ slug, userId) values ('2022-11-19', '2022-07-11', 'Lorem ipsum dolor sit amet, consectetuer adipiscing elit. Proin risus. Praesent lectus.', 'Suspendisse potenti.', /*24,*/ 'react', 'mpauletto9');
insert into POST (createdDate, modifiedDate, content, title, /*category_id,*/ slug, userId) values ('2023-01-03', '2022-09-23', 'Maecenas tristique, est et tempus semper, est quam pharetra magna, ac consequat metus sapien ut nunc. Vestibulum ante ipsum primis in faucibus orci luctus et ultrices posuere cubilia Curae; Mauris viverra diam vitae quam. Suspendisse potenti.', 'Pellentesque ultrices mattis odio.', /*25,*/ 'ce', 'mpauletto9');

